index,class,title,type,language,set,s2_id,gs_id,alternate_gs_id,alternate_s2_id,original_article
1,2,3D Scanning: A Comprehensive Survey,paper,English,S2,332744ac484e91989497a2c1aa167ec73e3c60ef,,,,
2,2,A brief review of equatorial ionization anomaly and ionospheric irregularities,paper,English,S2,fac17e17f32339618024ea03c3296e0ea4c6e92b,,,,
3,2,A brief review of magnetic anomaly detection,paper,English,GS,50bafd0318bec1746c22957743329c7be32261dc,18231321944521159331,,,
4,2,A Case Study of Spectral Signature Detection in Multimodal and Outlier-Contaminated Scenes,paper,English,S2,c72c5d8db643d7a591b26f4acc91214a8e034102,,,,
5,4,A Comparative Study of Local Outlier Factor Algorithms for Outliers Detection in Data Streams,paper,English,S2,d9c3f835e32af19621db1f3737ef5e246a192400,,,,
6,5,A comprehensive review on deep learning-based methods for video anomaly detection,paper,English,GS,a9b3a9dd494576f54c946aa030fe491eba239b7e,18418379730610047095,,,
7,6,A comprehensive survey of anomaly detection algorithms,paper,English,GS,299a4ccaa955d9f7872d9efc9eb2b04e233629c8,6467652050048925755,,,
8,6,A comprehensive survey of anomaly detection techniques for high dimensional big data,paper,English,Common,aca6d5f3866372a4506cf15773ae298f18c3f453,14455077719625622269,,,
9,6,A comprehensive survey of numeric and symbolic outlier mining techniques,paper,English,Common,31f5fa100bb9acae50d44003340a4419637c3e55,210487086558145174,,,
10,5,A Comprehensive Survey on Anomaly-Based Intrusion Detection in MANET,paper,English,S2,5f69d451db9c67718bc42d315532e78d2e822f6d,,,,
11,5,A Comprehensive Survey on Graph Anomaly Detection with Deep Learning,paper,English,Common,35067cc8153b7e6270797fffaefc5c9cefdfe515,5640775539800892593,,,
12,5,A comprehensive survey on network anomaly detection,paper,English,Common,f38a103da4bfc281a811b03099e1c39751722a8c,17539739784278896405,,,
13,6,A Comprehensive Survey on Outlier Detection Methods,paper,English,S2,66bb7a0bcb442135450b66399b7b35196f809a51,,,,
14,4,A critical literature survey and prospects on tampering and anomaly detection in image data,paper,English,GS,99c41acbb4f1240944a53f6135eb36c87f98ee90,17123585553392885465,,,
15,6,A critical overview of outlier detection methods,paper,English,GS,2d5394a438c669afd5ccec225e2e1c4f1e350351,13412125824503836968,,,
16,6,A Critical Review on Outlier Detection Techniques,paper,English,S2,8379fb2e6cbdb51ea8d2d5265533aa0dd9c87dcd,,,,
17,2,A deep learning framework to early identify emerging technologies in large-scale outlier patents: an empirical study of CNC machine tool,paper,English,GS,ec8275d24f105706a1e27cf0eabf810b27d39b18,11682253454495045953,,,
18,6,A five step procedure for outlier analysis in data mining,paper,English,GS,,1405727943481808187,,,
19,5,A holistic review of Network Anomaly Detection Systems: A comprehensive survey,paper,English,Common,8a45159d31b1733b43d6de734109c3f7c08f83b9,3499913356685463147,,,
20,5,A literature review on one-class classification and its potential applications in big data,paper,English,S2,37b0a7a6c8fb26e32b9206847e78d521a2cd5900,,,,
21,5,A methodological overview on anomaly detection,paper,English,GS,396e7ecece4691a26f0cd8fe35e61f2247d2d68d,866583624957692612,,,
22,2,A national estimate of the birth prevalence of congenital anomalies in India: systematic review and meta-analysis,paper,English,S2,a77f9b11db2510183255e7de39ddc7ff563fa41d,,,,
23,4,A note on detecting statistical outliers in psychophysical data,paper,English,GS,13331a0c7227d55aaf8524f6b26c3e572c5c9e9d,5313019246199584612,,,
24,4,A note on the use of outlier criteria in Ontario laboratory quality control schemes,paper,English,GS,57e58233bd1e509b6a01cfb4039a1cceee56f3ca,2485353769472321268,,,
25,1,A Review and Analysis of Outlier Detection Algorithms,paper,chinese,S2,1dbd3042fb75e250c27a5140c6e0ee37e62d4394,,,,
26,1,A review and comparison of methods for detecting outliers in univariate data sets,master thesis,English,GS,cb868f0b242b9623b7544a58b6a21647dfa138a5,6240852886196145910,,,
27,5,A REVIEW AND EMPIRICAL COMPARISON OF UNIVARIATE OUTLIER DETECTION METHODS,paper,English,S2,0d8c6e64ed75fe08d1c4b7e61cf30c45c27d8d80,,,,
28,5,A Review of Anomaly based Intrusion Detection Systems,paper,English,Common,9c21441e384c32bea9680648417e91884b7aaff4,9247923782792423899,,,
29,5,A Review of Anomaly Detection in Automated Surveillance,paper,English,Common,96f078dfce27a22e9fd5c4ae12a664c0e790bfac,5940790786873489993,,,
30,5,A Review of Anomaly Detection Systems in Cloud Networks and Survey of Cloud Security Measures in Cloud Storage Applications,paper,English,S2,da6379b5e0906fd70126776d686f87ccec1fac84,,,,
31,5,A review of anomaly detection techniques and applications in financial fraud,paper,English,GS,3b93d667154f289f2eeed9dd29ef6237357070d3,2515951473840507536,,,
32,5,A Review of Approaches for the Detection and Treatment of Outliers in Processing Wind Turbine and Wind Farm Measurements,paper,English,S2,e22f5ea4937ab1d9fc0f11b2e20b1d123ce743fa,,,,
33,2,A review of ENSO theories,paper,English,S2,d51533305207159542cb08f5e00fad41e6352b82,,,,
34,5,A Review of Local Outlier Factor Algorithms for Outlier Detection in Big Data Streams,paper,English,Common,e449b9b3fe04fe260731a3c74d2123bf6eaadf5b,14127356168744158577,,,
35,6,A Review of Machine Learning based Anomaly Detection Techniques,paper,English,Common,edac268e01575c2e44008c1aca04ecd0a80726a1,2196404672610548858,,,
36,6,A Review of Outlier Prediction Techniques in Data Mining,paper,English,Common,9405d078ac84a28c9fc3c851fc7cdc8ac80ec95d,6060325318518681946,,,
37,5,A Review of SCADA Anomaly Detection Systems,paper,English,Common,de6d5632784f00d9fba7b3ae4e0c0ee880a4511a,15762459163975851892,,,
38,5,A Review Of Some Robust Data Analysis And Multiple Outlier Detection Procedures,paper,English,S2,55a8500266681f6907b721c97dfa2d283e35b574,,,,
39,5,A review of statistical outlier methods,paper,English,Common,0469f92dbce67ec4444d094e818eeebaaed3d8d5,8566178537947380771,,,
40,5,A review of tree-based approaches for anomaly detection,paper,English,GS,a3a1795522de776abc9737b8620dcd8e15f37357,11078250644925169170,,,
41,5,A Review of various statestical methods for Outlier Detection,paper,English,Common,3b6e32110d161c3d6f42e4b2fc85da9c6c58533d,1597902505800476682,,,
42,6,A Review on Clustering and Outlier Analysis Techniques in Datamining,paper,English,S2,f8a269947f9ecb800d940ee11d86006be39ba4d9,,,,
43,2,A Review on Data Preprocessing Techniques Toward Efficient and Reliable Knowledge Discovery From Building Operational Data,paper,English,S2,b36a93134fdbcb74de18d222d17fec177d32d363,,,,
44,5,A Review on Negative Road Anomaly Detection Methods,paper,English,GS,4f567fdbd0c2a3521a5105536a0dbfa3053abf40,4633078166567403629,,,
45,5,A review on outlier detection techniques on data stream by using different approaches of K-Means algorithm,paper,English,Common,19f39cdfb273311e0cc1f57628fde9e8787b33b7,8826535957880741022,,,
46,5,A Review on Outlier/Anomaly Detection in Time Series Data,paper,English,Common,429173b6033ce240e0b5930379417f703d0e38fe,15456767634218974696,,,
47,2,A review on type-2 fuzzy neural networks for system identification,paper,English,S2,a8d3d8ec9c17949428bf158e7aef838d1512e973,,,,
48,5,A Survey : Outlier Detection in Streaming Data Using Clustering Approached,paper,English,Common,65c9115da58f58001d7ebbdb5b974424b1c21a5d,2903897425567432622,,,
49,5,A survey and classification of the security anomaly detection mechanisms in software defined networks,paper,English,S2,129ed9b614294388dfa88e23b8bb6110e462c3aa,,,,
50,6,A survey for different approaches of Outlier Detection in data mining,paper,English,S2,a4d751c46443493d8a89b8905600a0544d0da9e0,,,,
51,5,A Survey of Anomaly Detection Approaches in Internet of Things,paper,English,S2,a138c419f7475625745b57e95acf682c04bcd7ff,,,,
52,5,A Survey of Anomaly Detection for Connected Vehicle Cybersecurity and Safety,paper,English,S2,eb9920d52c6ccbf8a67733cf85c22dfa961f1053,,,,
53,5,A Survey of Anomaly Detection in Industrial Wireless Sensor Networks with Critical Water System Infrastructure as a Case Study,paper,English,Common,62f43b69f719842a9b6871b8fb3ad2f8bb38d169,17973964467895315693,,,
54,5,A survey of anomaly detection methods in networks,paper,English,GS,6b37bce47fb9682de35932e0142493936c2e3f6b,13454748010419248917,,,
55,5,A survey of anomaly detection techniques in financial domain,paper,English,Common,5b55d69c4b5f9a371f04944453283ed36ddb90ce,16176558278332997675,,,
56,5,A survey of anomaly intrusion detection techniques,paper,English,S2,c8b4c7576eda4e56249b24ac3b703e410b47848b,,,,
57,5,A survey of data mining and social network analysis based anomaly detection techniques,paper,English,Common,d885782689d2530ef79d8d4b7575147893eb36a2,9106996279436768745,,,
58,5,A survey of deep learning-based network anomaly detection,paper,English,Common,1605d856f4502c2ddd234b8c61bbbe1fc22af3ef,2009558212374234535,,,
59,5,A Survey of Distance and Similarity Measures Used Within Network Intrusion Anomaly Detection,paper,English,Common,2925a374d23127cc58027b4437a3f1dea8f02844,14360846323367457373,,,
60,5,A survey of machine learning methods applied to anomaly detection on drinking-water quality data,paper,English,Common,e0a37b2a682995a0c5f2d6927d5296d8e9c4684c,496723865740701577,,,
61,5,A survey of network anomaly detection techniques,paper,English,Common,2eb2320ff1e1a109d9c8bf0d53b3edc370d4cea6,9031285360332520732,,,
62,4,A survey of network anomaly visualization,paper,English,Common,451dc5c6d2ef3eb6788403fe0ca7685ae89209bc,7673946901528599193,,,
63,5,A survey of outlier detection algorithms for data streams,paper,English,Common,1cb7d8ede56d077eb5dcbc25bbe1d95999341060,15648331434899089611,,,
64,6,A SURVEY OF OUTLIER DETECTION IN DATA MINING,paper,English,S2,8aae6b385cd9296eddf9d10f548e01047f293839,,,,
65,5,A survey of outlier detection in high dimensional data streams,paper,English,Common,e6d97dbd38393b0c3bce95fde0545f5866be7826,14452029072770746486,,,
66,6,A Survey of Outlier Detection Methodologies,paper,English,S2,bde5b8ac38c8e6baaf86b1721a164d3c33477fd2,,,,
67,6,A Survey of Outlier Detection Methodologies and Their Applications,paper,English,Common,8daf1666b24552876330810a4602f8f3743de90b,4892500169130221652,,,
68,5,A Survey of Outlier Detection Methods in Network Anomaly Identification,paper,English,Common,b83a6c77e61a38ada308992cc579c8cd49ee16f4,1431612754104698250,,,
69,5,A Survey of Outlier Detection Techniques in IoT: Review and Classification,paper,English,Common,372bcdd6e136ae08cea955e6c9c3ed716a98326c,14692785047267228388,,,
70,4,A Survey of Physics-Based Attack Detection in Cyber-Physical Systems,paper,English,S2,cf3861590d3800c754503a29d5585cfc271724b8,,,,
71,2,"A survey of rare epigenetic variation in 23,116 human genomes identifies disease-relevant epivariations and novel CGG expansions",paper,English,S2,2de2422587d780efcd5fd1359b1d7b6588de9582,,,,
72,5,A survey of research on anomaly detection for time series,paper,English,Common,16e5150bcb2f516c4482b11bfbe579ac928d5978,14758526282479627786,,,
73,5,A Survey of Single-Scene Video Anomaly Detection,paper,English,Common,02d0ef096d3b39bb83a344393522360aaf69d694,8828711174476526635,,,
74,5,A survey of video datasets for anomaly detection in automated surveillance,paper,English,S2,638d50100fe392ae705a0e5f7d9b47ca1dad3eea,,,,
75,5,A Survey of Visualization Tools Assessed for Anomaly-Based Intrusion Detection Analysis,paper,English,S2,cab70dd06208e9bc2763caf9f7297cdc6cf70f81,,,,
76,5,A Survey on Anomaly Based Host Intrusion Detection System,paper,English,Common,6d7b1e32a3c8bb8cf4f51f4c0561146c437bc766,8263274720257032608,,,
77,5,A survey on anomaly based intrusion detection system,paper,English,Common,fcb4631cead2219da5eb74b19966146509869864,13672991244157122447,,,
78,5,A Survey on Anomaly Detection for Technical Systems using LSTM Networks,paper,English,Common,84a7897cf8542b097d7ceff6e9daa6d97b4ad952,1172599405174416728,,,
79,5,A Survey on Anomaly detection in Evolving Data: [with Application to Forest Fire Risk Prediction],paper,English,S2,8ea10fedc0f550aa05dbb419825c1c17d2e6950f,,,,
80,5,A SURVEY ON ANOMALY DETECTION METHODS FOR AD HOC NETWORKS,paper,English,S2,bb8647b9074723d4e6dbe33a77448438812865af,,,,
81,5,A Survey on Anomaly Detection of Botnet in Network,paper,English,S2,5d12a131c03ebe3f67cca589b7af631022d7b74d,,,,
82,5,"A Survey on Anomaly Detection, Life Prediction and Maintenance Decision for Industrial Processes",paper,English,S2,d165f98ca65ef89ab7fba1d29c2193cff72cd3f9,,,,
83,2,A Survey on Association Rule Mining,paper,English,S2,beca766d2c91e5895c80d9a289cb9b4ccd4a2b51,,,,
84,2,A Survey on Big Data for Network Traffic Monitoring and Analysis,paper,English,S2,3cf5aec66b31f7650042fa22be6932dc54711a83,,,,
85,5,A Survey on Blockchain Anomaly Detection Using Data Mining Techniques,paper,English,S2,0d21e628ae13a70d61e90e61ed20481803513401,,,,
86,5,A Survey on Cluster Based Outlier Detection Techniques in Data Stream,paper,English,S2,66e6a9342565b34cce59a0f2b865b03879b1b99f,,,,
87,5,A Survey on Deep Learning Techniques for Video Anomaly Detection,paper,English,S2,68f861693fbcb52f9bf1c6709f0d59d7ec28d759,,,,
88,5,A Survey on Different Graph Based Anomaly Detection Techniques,paper,English,S2,c93d8f9abb16fda716608b12971c3e2119583df5,,,,
89,1,A Survey on GANs for Anomaly Detection,preprint,English,Common,0bdd74925d662a78efdf130d953dff97a131d12a,13075903367544403689,,,
90,5,A Survey on Log Anomaly Detection using Deep Learning,paper,English,Common,6555b55e0c7c57f01323bad931d21646b2588a25,7624758741472653805,,,
91,6,A survey on machine learning and outlier detection techniques,paper,English,Common,7f5a2a9daa38c38dd3768cb3686062ee3addf91e,931319268019178992,,,
92,6,A Survey on Mixed-Attribute Outlier Detection Methods,paper,English,S2,501fd05e49c53764fc0883af1f057e5dc7eaa574,,,,
93,5,A Survey on Outlier Detection in Financial Transactions,paper,English,Common,6cd9214579b20a2a709554321e9c6cfacf0b0a54,3801958955951520593,,,
94,5,A survey on outlier detection in Internet of Things big data,paper,English,S2,7d326c44ef6752605ee8004e7df3e439392fc834,,,,
95,5,A Survey on Outlier Detection in the Context of Stream Mining: Review of Existing Approaches and Recommadations,paper,English,Common,e4f6442951c51c2ff2541e0252d7110fbd1591be,5679567855164274190,,,
96,6,A Survey on Outlier Detection Methods,paper,English,Common,759d21394435103ca62d23955f9bb99edda5e878,6637545013878501925,,,
97,6,A Survey on Outlier Detection Methods,paper,English,S2,262538d4b9203e6afc91f82c325ee5b7fcfbe93a,,,,
98,5,A Survey On Outlier Detection Technique In Streaming Data Using Data Clustering Approach,paper,English,S2,cab35a683cc2b561877c3954dc790176d9b0418e,,,,
99,5,A Survey on Outlier Detection Techniques for Credit Card Fraud Detection,paper,English,Common,863e77593b9c3abed4d83348e2dc898a0bd9e850,6772685838937794422,,,
100,5,A survey on outlier explanations,paper,English,Common,096134e08d39c17b13344e773a78a2649206f22a,9819441409454586346,,,
101,5,A Survey on Social Media Anomaly Detection,paper,English,Common,2212e42e73bcc61e861428f32bf1180e81f3d049,3478750403925878250,,,
102,6,A survey on unsupervised outlier detection in high‐dimensional numerical data,paper,English,Common,b65fc8f5e7329f0476bc7280f0ef6b91a8c8484b,6869675435955578337,,,
103,5,A Survey on Urban Traffic Anomalies Detection Algorithms,paper,English,S2,6e8b9f6f2a24e0db9131c9a247b2ef514accec37,,,,
104,5,A Systematic Literature Review on Outlier Detection in Wireless Sensor Networks,paper,English,Common,6a152e021b84cf5768812a16c4bbf388702deadb,16748143692167041414,,,
105,2,A Systematic Review and Meta-Analysis of Cognitive-Behavioral Therapy for Anxiety in Youth with High-Functioning Autism Spectrum Disorders,paper,English,S2,71113b1ccc39387269df850db5a1cbc9af0c0629,,,,
106,2,A systematic review of research on educational leadership and management in South Africa: mapping knowledge production in a developing society,paper,English,S2,d215b7f471499a9f02fcb7f578d2fe7d9b609a68,,,,
107,2,A Systematic Review of the Energy Cost and Metabolic Intensity of Yoga.,paper,English,S2,bb8c577ef06fb2d01904474f1ef34695db945a6f,,,,
108,3,A tutorial overview of anomaly detection in hyperspectral images,tutorial,English,GS,6e0530ddd9a8c0c93408140ad08b074f02b45520,14743957039789219611,,,
109,6,"A Unified Survey on Anomaly, Novelty, Open-Set, and Out-of-Distribution Detection: Solutions and Future Challenges",paper,English,S2,8b153cc2c7f5ea9f307f12ea945a5e9196ee5c52,,,,
110,6,A Unifying Review of Deep and Shallow Anomaly Detection,paper,English,Common,30b99ae0682d42a2010be401dd1d8f7baca9bb5f,535744563039386055,,,
111,2,Acalvaria: a unique congenital anomaly,paper,English,GS,76171e466d125dcc4cd5c36ccf28c6bad1c925cb,13589025543753957722,,,
112,2,Acardiac anomaly: current issues in prenatal assessment and treatment,paper,English,GS,b4f25aa1c2a459e85359ca3b323cbe22b58e98ef,17339740402089243898,,,
113,2,Acardiac anomaly: Review of the subject with case report and emphasis on practical sonography,paper,English,S2,b576e5285a0d577303bb0e0e8cb0c291b8197842,,,,
114,4,Accommodating outliers and nonlinearity in decision models,paper,English,GS,c15b569503b999dab65fa69df011aec057d70a1b,9052804679336664808,,,
115,5,Activity and Anomaly Detection in Smart Home: A Survey,paper,English,Common,8960a7bb22481405c6c8d8b25918a7fec4073833,3168250136974544343,,,
116,5,Advancements of Data Anomaly Detection Research in Wireless Sensor Networks: A Survey and Open Issues,paper,English,Common,5d1076238166aeea8ad53de5865eaa1cc2ec5617,17779151440091117197,,,
117,6,Advancements of Outlier Detection: A Survey,paper,English,Common,0e20a8346ee9181ba7ee27e857bd7c09ba34f8ba,11375383904794621025,,,
118,2,AGN Populations in Large-volume X-Ray Surveys: Photometric Redshifts and Population Types Found in the Stripe 82X Survey,paper,English,S2,29e788054cc67c92368f04ebf5149b83d3ac305b,,,,
119,4,Ambulatory blood pressure monitoring: a critical review of the current methods to handle outliers.,paper,English,GS,383f0e72ebb6b3f91e11c13d04d9a5c106c2beea,4065184568677411033,,,
120,2,An ALMA Survey of λ Orionis Disks: From Supernovae to Planet Formation,paper,English,S2,a6afa64d33fad4b9a62d537cd938f6024b7ad8cc,,,,
121,4,An approach to the analysis of SDSS spectroscopic outliers based on self-organizing maps-Designing the outlier analysis software package for the next Gaia survey,paper,English,GS,,3116158678780402209,,,
122,4,An approach toward the problem of outliers in QSAR,paper,English,GS,598c3571d798bdeee2d6d3ee0198f1bbcf2a4ce1,18241104271016231839,,,
123,2,An Assessment on Handling of Outlier Subjects in Bioequivalence Study - A Review,paper,English,S2,77076fabe9fb96cc555b6a62628138161f248435,,,,
124,4,An Automatic Survey System for Paved and Unpaved Road Classification and Road Anomaly Detection using Smartphone Sensor,paper,English,S2,6995c760c624c0269e7ba00267151e1e8eee945e,,,,
125,4,"An Extensive Survey on Intrusion Detection- Past, Present, Future",paper,English,S2,0043a28e12cbeeb45f9d58f2aaaf58e43138ad42,,,,
126,3,An introduction to outlier analysis,chapter,English,GS,1bc042ec7a58ca8040ee08178433752f2c16f25e,13301180887127729579,,,
127,2,An Investigation of Nonresponse Bias and Survey Location Variability in the 2017-2018 National Health and Nutrition Examination Survey.,paper,English,S2,7b1ebbcc66f4d901d7aa5ed8d04f57f4d2c7002e,,,,
128,4,An overview and a benchmark of active learning for outlier detection with one-class classifiers,paper,English,GS,cbdd05670c848d896b643e2e543bfd8d8c0c37f7,11182472290590160198,,,
129,5,An overview of anomaly detection techniques: Existing solutions and latest technological trends,paper,English,GS,7c3870e4c6f75aefeb7801c75026cefb512304f6,10626268666258468536,,,
130,5,An overview of deep learning based methods for unsupervised and semi-supervised anomaly detection in videos,paper,English,GS,7198f45e979d4e7bb2ad2f8a5f098ab196c532b6,10287143914546869834,,,
131,5,An overview on trajectory outlier detection,paper,English,Common,b1bd0408e31eac1ef2bf1942388cf41d60fc710b,3326545204149971804,,,
132,6,"Analyzing rare event, anomaly, novelty and outlier detection terms under the supervised classification framework",paper,English,S2,23d2b50b32479570eaa46482dbf7a44aae6a16f0,,,,
133,2,"Android Security: A Survey of Issues, Malware Penetration, and Defenses",paper,English,S2,3c595787d84e1242189e4b8e714a184dc487535e,,,,
134,2,Annual Research Review: Youth firearm violence disparities in the United States and implications for prevention.,paper,English,S2,ab3acebba41f7ff2577bc5751d9f40f0a994e8fe,,,,
135,5,Anomalous Example Detection in Deep Learning: A Survey,paper,English,S2,37eb32915b7767685ec3c9e9728ca9a50a379b8d,,,,
136,2,Anomalous Transport Due to the Conformal Anomaly.,paper,English,S2,06323d508858984632fc648a09832ef4aa3157d3,,,,
137,5,Anomaly Detection and Mitigation at Internet Scale: A Survey,paper,English,S2,d525acacce0f782069593592e61ffadec893b400,,,,
138,5,Anomaly detection by robust statistics,paper,English,GS,89fb75d5fdc16f8c742f95fe1ef312ee13668120,10155373150015614376,,,
139,5,Anomaly Detection for Cyber Security of the Substations: A Survey,paper,English,S2,7649c1eaa3afa6c7715d20b5e930ed01d754d108,,,,
140,5,Anomaly Detection for Discrete Sequences: A Survey,paper,English,Common,53df899e1a18082b8654677b4c0aa95dbd96f0e0,4299534356199833882,,,
141,5,Anomaly Detection for IoT Time-Series Data: A Survey,paper,English,Common,30d65fbc8d71ac202ee8d7d5f0e58c63a6c6a957,12024281859181766627,,,
142,5,Anomaly Detection for Predictive Maintenance in Industry 4.0- A survey,paper,English,S2,63df84b9f637dd1ea0fcbe3ca38aebddbe3481b2,,,,
143,4,Anomaly Detection for Resonant New Physics with Machine Learning.,paper,English,S2,6b97bb582249022377fafff51e64b3ec197342f2,,,,
144,5,Anomaly detection frameworks for outlier and pattern anomaly of time series in wireless sensor networks,paper,English,S2,9bff02296be70d0b16e85481bb4cb493bc3ad50f,,,,
145,5,Anomaly Detection in Autonomous Driving: A Survey,paper,English,Common,e6c013c835be471502023b3f31d52d59ada76770,6640537701070652933,,,
146,5,Anomaly Detection in Blockchain Networks: A Comprehensive Survey,paper,English,Common,3652d15fbfdc4002a25c0ea94e7a6e76b7f9d796,4484113181406897685,,,
147,5,Anomaly Detection in Computer Networks: A State-of-the-Art Review,paper,English,Common,f2a944c139038253e5a637bba6df2a1cc8985490,16090374183096898742,,,
148,6,Anomaly Detection in Data Mining: A Review,paper,English,S2,20b7ff2f0bc5a87602c46b63aabed5afe6e7e833,,,,
149,5,Anomaly detection in dynamic networks: a survey,paper,English,Common,23f9220e0ca8f2cb522c36d158ca88f043007c68,4168737270685308874,,,
150,5,Anomaly detection in online social network: A survey,paper,English,Common,116ec0808e7c2a49f7f96c4efe2568f89ef26ef1,8361506767342359562,,,
151,5,Anomaly Detection in Road Traffic Using Visual Surveillance,paper,English,Common,88573561d2e662f53201971fab6ecf6beceefe73,7508689150525391328,,,
152,5,Anomaly Detection in Univariate Time-series: A Survey on the State-of-the-Art,paper,English,Common,cf45bce52cca1f6e450ddaa1d19fe6e30661dffb,4370422915042112938,,,
153,5,Anomaly detection in wireless sensor networks,paper,English,GS,552525e2a7d6e84752ca0c05bfbf73311af3eeb0,18214717940256118043,,,
154,5,Anomaly detection in wireless sensor networks in a non-stationary environment,paper,English,GS,81de9af03464ff044cd6527c83a0f07ccf278487,12742933431864796554,,,
155,5,Anomaly detection in wireless sensor networks: A survey,paper,English,Common,bc36143f51eb1a23b28eabb30af040f9f00a36b7,2532259948808409695,,,
156,6,Anomaly detection methods for categorical data: A review,paper,English,GS,91d7a634288acf07a5d2cef021e1f1ba5ea1662e,141569629754130225,,,
157,5,Anomaly detection methods in wired networks: a survey and taxonomy,paper,English,GS,a51fb25f13babadef37e6031895bc9313a5e0ac7,5064548159304104538,,,
158,5,Anomaly Detection Techniques using Deep Learning in IoT: A Survey,paper,English,S2,8d0b950cfdd1ee4794095670edd81dd0dae1d278,,,,
159,5,Anomaly detection with density estimation,paper,English,S2,6b6360c6d2bdc55360925445b77d21126b477e9a,,,,
160,5,"Anomaly Detection, Analysis and Prediction Techniques in IoT Environment: A Systematic Literature Review",paper,English,Common,4faebdc6299470cb9018f5446c6e779d0f9da8c0,2546662221722829923,,,
161,6,Anomaly detection: A survey,paper,English,Common,71d1ac92ad36b62a04f32ed75a10ad3259a7218d,556402703576663948,4692669585086585586,,
162,2,Anomaly Indicators for Time-Reversal Symmetric Topological Orders.,paper,English,S2,77f55ebe1f22406cba3869377000580956711b65,,,,
163,4,Anomaly Teletraffic Intrusion Detection Systems on Hadoop-Based Platforms: A Survey of Some Problems and Solutions,paper,English,S2,e2b7c1c9354ccdaf8734a4a6f28bbd082ac4dc67,,,,
164,5,"Artificial intelligence based anomaly detection of energy consumption in buildings: A review, current trends and new perspectives",paper,English,GS,77cf5bbd7663c1f7dc6fb103ec753ab12f85ca3c,14834786797091428813,,,
165,4,Asymptotic Theory of Outlier Detection Algorithms for Linear Time Series Regression Models,paper,English,S2,ad28b5681900b2d512c34848acd412bb6102d5a1,,,,
166,4,Attack and anomaly detection in iot networks using machine learning techniques: A review,paper,English,GS,8fd4b40068904fd355f71515d40fc2f1f222f0e9,6202896055905503535,,,
167,2,Axial anomaly: The modern status,paper,English,GS,46965dd905ebb6e3de9a1d19002e75a0f42e33a6,7726295656868352732,,,
168,4,Benchmarking of machine learning for anomaly based intrusion detection systems in the CICIDS2017 dataset,paper,English,GS,48f2ab8184b9d6abaafc8ee23b292ae775f72128,3944837213410723121,,,
169,6,"Best-practice recommendations for defining, identifying, and handling outliers",paper,English,GS,3a98ae164076c60ff63a1281b8c323a4f5ed33d7,7112575683114429433,,,
170,5,BGP Anomaly Detection Techniques: A Survey,paper,English,Common,a7c2aa19f50ca94890553a4e854c3917a37849a8,2449138419628332103,,,
171,2,Body‐ and Movement‐Oriented Interventions for Posttraumatic Stress Disorder: A Systematic Review and Meta‐Analysis,paper,English,S2,f4b676466d45dd77d212794831c2805fd0ec8736,,,,
172,2,Cellular metabolism and disease: what do metabolic outliers teach us?,paper,English,GS,b0686eee040e1a95dc7f5f16ff2f6270f80bf465,17926642465601485506,,,
173,5,Characteristics and classification of outlier detection techniques for wireless sensor networks in harsh environments: a survey,paper,English,Common,0aeacd30cd26d5ec2c895d42ba6dd995b8c9458d,12099493419425416240,,,
174,2,Chiari III malformation: a comprehensive review of this enigmatic anomaly,paper,English,S2,6081d7471adabb6d5fe25057dc23b3b60938b0d2,,,,
175,2,Chiral anomaly and diffusive magnetotransport in Weyl metals.,paper,English,S2,476194dfb403062a5a151c93e048554e5963cb7b,,,,
176,2,Chiral anomaly and local polarization effect from the quantum kinetic approach.,paper,English,S2,059d3b98f480fc18aa4cac90b4edd52adbd50296,,,,
177,2,Chiral anomaly and transport in Weyl metals,paper,English,GS,b6ff7f1ececec37b8e84a97c350707962c238895,14453679053943329022,,,
178,2,Chiral Anomaly as the Origin of the Planar Hall Effect in Weyl Semimetals.,paper,English,S2,1d859785cfbd65920031933bfacfe9b251679a85,,,,
179,3,Classification and Anomaly Detection for Astronomical Survey Data,paper,English,S2,bbbe62e768b626706727c5fd2eeaa7a78c032ece,,,,
180,5,Comparative Study on Trajectory Outlier Detection Algorithms,paper,English,S2,987282e7219a374b57e8668ffd3b6d74513382a0,,,,
181,5,Comparison of local outlier detection techniques in spatial multivariate data,paper,English,S2,aeb470bfcfe0a2ba15e18365da14b2d149505f22,,,,
182,2,Conformal anomaly as a source of soft photons in heavy ion collisions.,paper,English,S2,3428a3cf11ef578282086d46ef1761f4f9c8c88b,,,,
183,2,Constraining the minimal flavor violating leptoquark explanation of the RD(*) anomaly,paper,English,S2,2b7727ffdbd58577f053e44c3f83d876b18011ab,,,,
184,3,Cooks Distance and Mahanabolis Distance Outlier Detection Methods to identify Review Spam,paper,English,S2,056b2de6dda12e2caaa4dc946012263de6c10fcf,,,,
185,2,Crowded Scene Analysis: A Survey,paper,English,S2,1018e1e0ceda44e0f643b376d008934cdfae8c0f,,,,
186,2,Current clinical practice in the screening and diagnosis of spatial neglect post-stroke: Findings from a multidisciplinary international survey,paper,English,S2,d3027b93534e11b6b6f5172198f8d9d815245c07,,,,
187,2,Dark Matter Interpretation of the Neutron Decay Anomaly.,paper,English,S2,de0c53f1965968daf2cb5b5b12f809c974b2e764,,,,
188,2,Data Collection for Security Measurement in Wireless Sensor Networks: A Survey,paper,English,S2,669e138a3f0e6be1a4d6724174324d5c1ade0d6d,,,,
189,2,Data Mining for the Internet of Things: Literature Review and Challenges,paper,English,S2,0d69ad95c0f7cd9a318f9fa0de77834ecf4680d4,,,,
190,1,Data Mining for the Internet of Things: Literature Review and Challenges,plagiarism,English,S2,de9faa2f09d411e64e3f3c5e092ed30357799c90,,,,0d69ad95c0f7cd9a318f9fa0de77834ecf4680d4
191,2,Data Mining for Wearable Sensors in Health Monitoring Systems: A Review of Recent Trends and Challenges,paper,English,S2,1b8ac910c710b035c4601dc628587dafec25dad7,,,,
192,5,Data preprocessing for anomaly based network intrusion detection: A review,paper,English,Common,0a9f0b436b610d4cef1a022ab6083ac2278dc7e2,15985457559338707187,,,
193,2,Data stream clustering: a review,paper,English,S2,e75dfc6a2c0f70e6af04d20816717988123ce251,,,,
194,3,Dealing with outliers in survey data,chapter,English,GS,8023df66945eef9d764b14df3591c916fb4d1dd6,8628400851629327618,,,
195,5,"Deep learning approaches for anomaly-based intrusion detection systems: A survey, taxonomy, and open issues",paper,English,Common,6a0e4209529b827cd86a52a4766968001a3f187c,16622578027832423669,,,
196,5,"Deep Learning for Anomaly Detection in Time-Series Data: Review, Analysis, and Guidelines",paper,English,Common,712e279ecea207968717d8401000e7ca0b7bb74d,10085115476455036088,,,
197,5,Deep learning for anomaly detection: A review,paper,English,GS,775247047d0b56950ba5ea77d4a29772eca95c1b,18078032682756398337,,,
198,1,Deep Learning for Anomaly Detection: A Survey,preprint,English,Common,a2e667e4382aaa8e02a17d0522c1a910790ab65b,14919802204024255526,,84af0bbe339c1adbc9d075dee99b9d4f86a186c5,
199,5,Deep Learning for Medical Anomaly Detection – A Survey,paper,English,Common,4ed4dc4df5dbde2677852c33080e3c893bf0a5ba,10227166262903236614,,,
200,5,Deep Learning for Spatio-Temporal Data Mining: A Survey,paper,English,S2,a54c647f6db73621ec496ea86355726161c0898d,,,,
201,5,Deep learning for unsupervised anomaly localization in industrial images: A survey,paper,English,GS,51ba3b33f445199d9f3cddb5b00c7e2927199b0c,9579459676985496387,,,
202,5,Deep learning-based anomaly detection in cyber-physical systems: Progress and opportunities,paper,English,GS,924413882f2399c222059ff474800f3656ecc866,124995188557041160,,,
203,5,"Detecting sensor faults, anomalies and outliers in the internet of things: A survey on the challenges and solutions",paper,English,GS,2a68d1014ca060b9cd7024217e9c483f3cb4fb47,6277786843845930281,,,
204,6,Detection of outliers,paper,English,GS,b638657cf00bcd705d968c616e50d36f9c6738e2,14063590249877963773,,,
205,2,Dirac versus Weyl fermions in topological insulators: Adler-Bell-Jackiw anomaly in transport phenomena.,paper,English,S2,2e70c37973c94ee1fd27596907341164df7e6cc8,,,,
206,2,Disproportionate exposures in environmental justice and other populations: the importance of outliers,paper,English,GS,e8fe9cdfa492b143e9f100ae87d4bb2c38433c59,12732191284786253640,,,
207,2,Drought over East Asia: A Review,paper,English,S2,a2b27bd38e95f5fdcccbf091b8151e460c807a11,,,,
208,2,Duties When an Anonymous Student Health Survey Finds a Hot Spot of Suicidality,paper,English,S2,a806ad5d29c310339606546c160f5fc9e1ce2ff3,,,,
209,2,Ebstein anomaly associated with left ventricular noncompaction: An autosomal dominant condition that can be caused by mutations in MYH7,paper,English,S2,5300b95be90351fa308b860a4d3065223737a78d,,,,
210,2,"Ebstein anomaly review: what’s now, what’s next?",paper,English,Common,ff1d620cd11d2692c338b611674a16d2020942c9,4964855116891967319,,,
211,2,Ebstein Anomaly: A Review,paper,English,S2,bf1fcbbed756d8b1c0bdf021876ad5ef2b16f689,,,,
212,2,Ebstein's anomaly - review of a multifaceted congenital cardiac condition.,paper,English,Common,7007d22897336c1ca66b15fae916333f5ed0143a,15332416151222156805,,,
213,2,Ebstein's anomaly (review of literature and a case report).,paper,English,S2,235d6d7ebdd40df5ca8787c3c49ad625db6e0852,,,,
214,2,Ebstein's anomaly: clinical profile and natural history,paper,English,GS,b4b29d0e5903b99cf324024fdeec5390a77db5a4,12564515697575572371,,,
215,2,Ebstein's Anomaly: Review of Arrhythmia Types and Morphogenesis of the Anomaly,paper,English,GS,7c78df9608c80be64dc81017c655803701450716,17337177513251010318,,,
216,2,"Educational anomaly analytics: features, methods, and challenges",paper,English,GS,9edc63146315c287fa2cdc43a6ea08756e3db3e9,14630049605547586287,,,
217,2,Effect of adjunctive ranitidine for antipsychotic-induced weight gain: A systematic review of randomized placebo-controlled trials,paper,English,S2,da9c8ac22f0088849e29d2a1f40efba786fb61a9,,,,
218,2,Effective Reading Programs; A Critical Review of Outlier Studies.,paper,English,Common,59126bb32742a783826d7297ff8ab24793524fbd,122551421726369637,,,
219,2,Electromagnetic fields and anomalous transports in heavy-ion collisions—a pedagogical review,paper,English,S2,5b21ca0de353229c2d84e08c1663b8bfa943b3e0,,,,
220,2,Equatorial anomaly in F-region—a review,paper,English,GS,3d27a6de6c828559da4bbd0c4cb06325c5ecedb4,5427439094357574702,,,
221,2,"Esophageal atresia in the Northern Region Congenital Anomaly Survey, 1985-1997: prenatal diagnosis and outcome.",paper,English,Common,b8cfa2a82ba0f5f8bfac57f3251135f12d5ce8ba,12772896257227682658,,,
222,2,Evaluation of geochemical sedimentary reference materials of the Geological Survey of Japan (GSJ) by an objective outlier rejection statistical method,paper,English,S2,6d0596bd60bedef2b8de14cc0db352237e250117,,,,
223,4,Evaluation of robust outlier detection methods for zero-inflated complex data,paper,English,S2,f6d9fd9d71706056faef7f05c6ce67cac614ae42,,,,
224,2,Examining the unexpected: Outlier analyses of factors affecting student achievement,paper,English,GS,b2b5c5b0888404e03eb8eee153be08a6b22080eb,17208669161770765967,,,
225,4,Experience Report: System Log Analysis for Anomaly Detection,paper,English,S2,2c1ed7e32a85d72fb270ebd07a45641acfba02a9,,,,
226,2,Experimental Observation of Anisotropic Adler-Bell-Jackiw Anomaly in Type-II Weyl Semimetal WTe_{1.98} Crystals at the Quasiclassical Regime.,paper,English,S2,179107df861cf2963a6271074ba1cc7e22c03965,,,,
227,2,Experimental signatures of the chiral anomaly in Dirac–Weyl semimetals,paper,English,S2,d5ac0351791196bc052f3c5ecd529aba032ce7d6,,,,
228,2,"Experimental Tests of the Chiral Anomaly Magnetoresistance in the Dirac-Weyl Semimetals 
Na3Bi
 and GdPtBi",paper,English,S2,7d9d8f133aa23498202c215563ddcac0c8f0030b,,,,
229,2,Exploiting AIS Data for Intelligent Maritime Navigation: A Comprehensive Survey From Data to Methodology,paper,English,S2,7f585a7f6bf51606f9cfa80f19ec4720532c4f19,,,,
230,2,Exploring stroke risk and prevention in China: insights from an outlier,paper,English,Common,855fe2f82d022ce00959a9f5f5a1f5f1ff5b5686,10814697116078522392,,,
231,2,"Fabella prevalence rate increases over 150 years, and rates of other sesamoid bones remain constant: a systematic review",paper,English,S2,908f90f69cff5f205cd5091bed985bcaf8364bd2,,,,
232,5,Features and performance of some outlier detection methods,paper,English,S2,1a7f27c20ed1c0abdcd8e44de65e6779cd06f898,,,,
233,2,Field-Selective Anomaly and Chiral Mode Reversal in Type-II Weyl Materials.,paper,English,S2,1bcd4c62013d8ed7383bf81119438d92221a16b2,,,,
234,2,Footprints of New Strong Dynamics via Anomaly and the 750 GeV Diphoton.,paper,English,S2,2e86fafe56e30733cdcfc89eac2a4fa4504e542a,,,,
235,2,Fractional quantum Hall effect in a curved space: gravitational anomaly and electromagnetic response.,paper,English,S2,7cd69e3e709a383829aa96e710354a70e14f6101,,,,
236,2,Framing anomaly in the effective theory of the fractional quantum Hall effect.,paper,English,S2,0b5cee038473d8178d94736cc220b3833bbda88a,,,,
237,5,Fraud detection: A systematic literature review of graph-based anomaly detection approaches,paper,English,Common,fffbf0cbafa24f17fe5db8582efaa3406ebd08a4,5004077234097548274,,,
238,2,Functional rarity: the ecology of outliers,paper,English,GS,cede14ee2e3a16071fb11aa2e70ec0103e8c946b,18300229826695862578,,,
239,2,Fuzzy C-Means clustering algorithm for data with unequal cluster sizes and contaminated with noise and outliers: Review and development,paper,English,GS,499e6d1ec1c0000a8816e43a773eea9188c00dd2,9127197821379080786,,,
240,5,GAN-based anomaly detection: A review,paper,English,GS,13fab6dbb9d0f3eaac0b45a52c140165ae25b8b6,4988077150684599939,,,
241,4,Generalised measures of reliability for multiple outliers,paper,English,GS,7300ecea657cbf9c63760d5b577d69ff7483f2f2,11041332993293101569,,,
242,1,Generalized Out-of-Distribution Detection: A Survey,preprint,English,S2,7b2180d7fa0d65e8756401cb077bf3dea3f9b575,,,,
243,4,Generating Artificial Outliers in the Absence of Genuine Ones — A Survey,paper,English,S2,2ea785d090f88f54473806eb20670d79d62fa5f7,,,,
244,2,"Geomagnetic Anomaly Survey at the Divergent Plate Boundary in Afar Depression, Ethiopia",paper,English,S2,74d94154321c3180bd43c49c96fde485429ce072,,,,
245,2,Gleevec: prototype or outlier?,paper,English,GS,ac02f1c90c71137a085fc175e258a2af3b38a561,13234086525968316726,,,
246,5,Graph based anomaly detection and description: a survey,paper,English,Common,0119f18eef5c4ff5aa4dcbca191fb4764de1de58,2616932922325721358,,,
247,2,GROF: Indoor Localization Using a Multiple-Bandwidth General Regression Neural Network and Outlier Filter,paper,English,S2,cb9092a0bfce04003a51761e64512530778f2045,,,,
248,5,Hoeffding Tree Algorithms for Anomaly Detection in Streaming Datasets: A Survey,paper,English,S2,e49835fd71c7407c2309af42a88c98b98bf3a349,,,,
249,6,Holy Grail of Outlier Detection Technique: A Macro Level Take on the State of the Art,paper,English,GS,ed0a2504b7ae14066544978ba6d45f5756122c7d,2749878486685483211,,,
250,2,How Organizational Cognitive Neuroscience Can Deepen Understanding of Managerial Decision‐Making: A Review of the Recent Literature and Future Directions,paper,English,S2,7bc694bc8e1188dc6098ab6587437a177173c1c7,,,,
251,5,Hubness in Unsupervised Outlier Detection Techniques for High Dimensional Data –A Survey,paper,English,S2,9a88412fb3049b3754db4507bad41fbdecf0b7fc,,,,
252,5,Hybrid Approach for Outlier Detection over Wireless Sensor Network Real Time Data,paper,English,S2,0d0655e3fe0a38e0df605eae310df3e545011305,,,,
253,5,Hyperspectral Anomaly Detection: A survey,paper,English,Common,07573d411accb9400da80e1badc8e27ecd7b0661,10781956668461898730,,,
254,2,Identifying careless responses in survey data.,paper,English,S2,629a90a6c609b3ca26db71829b74b12e8f6bd353,,,,
255,2,Identifying R&D outliers,paper,English,GS,ce5cf8b4bdfc4fc92f606a0dc378bf516abd85c0,13843485006544403001,,,
256,2,IFMC case notes. Outlier review.,paper,English,S2,79cd4a4f38411566e44a856f37ff66bcf7824c7d,,,,
257,5,Image/Video Deep Anomaly Detection: A Survey,paper,English,Common,49ae00b9a8539ba1a2a7d77408daad850fd33095,10999475202475533700,,,
258,4,Implementation and assessment of two density-based outlier detection methods over large spatial point clouds,paper,English,S2,4862e969257237d6ce373dfa763aa7d287d133ff,,,,
259,4,Improving outlier detection in two establishment surveys,paper,English,GS,,11703285836142457071,,,
260,5,Improving security using SVM-based anomaly detection: issues and challenges,paper,English,GS,f0deb561e4f468662a5bfee33ccd6e470b0cfbe7,17329117974970185653,,,
261,2,Infanticide/neonaticide: The outlier situation in the United States,paper,English,GS,07c7857daee40ac4bf98302364d4497ed40ac2c8,9433740549629877673,,,
262,4,Integrating aspect analysis and local outlier factor for intelligent review spam detection,paper,English,Common,eb60d18eaa8923ec61d37e74e8d630bbd7e25b63,2402956232516267549,,,
263,4,Investigating the Adequacy of Response Time Outlier Definitions in Computer-Based Web Surveys Using Paradata SurveyFocus,paper,English,Common,5be90162528dff0ac6af5847e2e4f10392c1ce68,9625156211940287532,,,
264,2,"Investor sentiment, accruals anomaly, and accruals management",paper,English,GS,17f5923a11fcb10fc99620c5ac70a0ae83a0753d,343736120340982676,,,
265,5,IoT anomaly detection methods and applications: A survey,paper,English,GS,a61f3235d46ea53aa69b249a0bd82c97ea7890f5,8878030008185031216,,,
266,2,Is mortality a good indicator of the clinical quality of National Health Service hospitals? A cross-sectional study of outlier trusts for mortality indices using quality dashboards,paper,English,S2,e8a2502c12cd6d0c2d40089d9b8b66463d5dbbf9,,,,
267,2,Kimmerle's Anomaly as a Possible Causative Factor of Chronic Tension-Type Headaches and Neurosensory Hearing Loss: Case Report and Literature Review,paper,English,S2,066834b3f7226ba0fe58329c2a4fb949cf11f7fd,,,,
268,2,Lagrangian intersection floer theory : anomaly and obstruction,paper,English,S2,0088e21e4a018eba4dcaa71ca3e31335a3694b05,,,,
269,2,Lean NAFLD: an underrecognized outlier,paper,English,GS,c70a3af331a9c6b2833dc296dbfa50e669064f02,13195319971245367878,,,
270,6,Local and Global Outlier Detection Algorithms in Unsupervised Approach: A Review,paper,English,S2,c774a2f134facf993d032945aec6f014b455aea9,,,,
271,2,Longitudinal structure of the F-region equatorial anomaly—a review,paper,English,GS,77f3cf23d2124b0796cfb793d823bc365f721e9d,18266720518799539549,,,
272,6,Machine Learning for Anomaly Detection: A Systematic Review,paper,English,Common,cbb29c6cd0203a811ab18574e85e6b74a1a68cfc,13683340325172595501,,,
273,2,Machine Learning in Additive Manufacturing: A Review,paper,English,S2,5c41630a3b2faace172f49e990bb71af9e12c66c,,,,
274,6,Machine learning techniques for anomaly detection: an overview,paper,English,GS,0278bbaf1db5df036f02393679d485260b1daeb7,4240946354646568373,,,
275,5,Machine Learning Techniques for Network Anomaly Detection: A Survey,paper,English,Common,83a4575f6800e18fcf68cb8f57bf8242d97ed95a,10798989244970333222,,,
276,2,MAINSTREAMING AN OUTLIER: THE QUEST TO CORROBORATE THE SECOND LANCET SURVEY OF MORTALITY IN IRAQ,paper,English,S2,b0259da12d31c927789edf986adb10a55d9b661e,,,,
277,2,Manifestations and mechanisms of the Karakoram glacier Anomaly,paper,English,GS,cdc0137610b26172dd4636cc80f23c037a441d25,1936485934848137461,,,
278,5,Maritime anomaly detection: A review,paper,English,Common,12fad81d448dfc1b663981090d9ed508a65439fe,11310465641802770123,,,
279,5,Maritime Anomaly Detection: Domain Introduction and Review of Selected Literature,paper,English,Common,e43c2cd01f0f4a85831180d27f8e9e0ebe6fb3b2,11825850326617647872,,,
280,2,Maternal overweight and obesity and the risk of congenital anomalies: a systematic review and meta-analysis.,paper,English,S2,5531121ab666245b2902cd45c07475e3e9e17414,,,,
281,2,Mean population salt consumption in India: a systematic review,paper,English,S2,3915afd4159bf66ba681f312c26b4c03b2fea683,,,,
282,2,Mesenteric cystic lymphangioma: a congenital and an acquired anomaly? Two cases and a review of the literature.,paper,English,S2,69b802d5aa1c0abc06111da4eae0e0e22fe97d64,,,,
283,4,Methods for dealing with reaction time outliers.,paper,English,GS,8a77612c001823036baf750e9be91666a8b12515,4498899201606045077,,,
284,4,Mining unusual and rare stellar spectra from large spectroscopic survey data sets using the outlier-detection method,paper,English,Common,c25d42bd1815868da7039f28fb9a8eb4e2fe0b66,11504745976529457980,,,
285,4,MiPo: How to Detect Trajectory Outliers with Tabular Outlier Detectors,paper,English,GS,6759dc7eccad83257c50e6f4258adda3880a101c,2599953816481226060,,,
286,2,Mirror Anomaly in Dirac Semimetals.,paper,English,S2,e02c3cc2aef4457997d2360f7087a4c9b8b39043,,,,
287,2,Mixed Axial-Torsional Anomaly in Weyl Semimetals.,paper,English,S2,a6af9d81e1c3f3e246c82bc43d7b274b125c0f05,,,,
288,2,Mobile Network Anomaly Detection and Mitigation: The NEMESYS Approach,paper,English,S2,87ff00d608e56e6a97eb0c9f7d5a8e1e07e6403b,,,,
289,2,"Model for a quantum Hall effect without Landau levels: Condensed-matter realization of the ""parity anomaly""",paper,English,S2,813cd74a49f2fc491be61c8cf762b9cdb4341336,,,,
290,5,Modeling Representation of Videos for Anomaly Detection using Deep Learning: A Review,paper,English,S2,030dff9a7cba9b85be1fec18a895c86673264680,,,,
291,2,"Monetary Sanctions: A Review of Revenue Generation, Legal Challenges, and Reform.",paper,English,S2,95c3f80ffcf54aabb79ae327809cfa440833c9cf,,,,
292,2,Monocular Outlier Detection for Visual Odometry,paper,English,S2,1946a4e29514b474a3933cc6c573ca5d38bc4125,,,,
293,2,More on the La Porte anomaly: A review,paper,English,GS,385397d67212941799b120339d6a75c4a83dfecc,16477312211792588310,,,
294,2,Morphologic spectrum of Ebstein's anomaly of the heart: a review.,paper,English,GS,50acb86bcf64cbad5fc8a2d3f98c749615864379,51466906610502925,,,
295,2,Morphological aspects of Ebstein's anomaly in adults,paper,English,GS,0aaa416460ace8f88b94c7897a1e630c58f7d5ff,17184812000271762584,,,
296,2,Morphological Effects in SnO2 Chemiresistors for Ethanol Detection: A Review in Terms of Central Performances and Outliers,paper,English,GS,f59b5eca45db41ed38be9f04477dad5b3926562e,7606960691361399074,,,
297,2,Mortality in critically ill patients with coronavirus disease 2019‐associated pulmonary aspergillosis: A systematic review and meta‐analysis,paper,English,S2,5c645351972daebf9b30722df52e7f4b6a0f6135,,,,
298,2,Multicenter survey on the outcome of transplantation of hematopoietic cells in patients with the complete form of DiGeorge anomaly.,paper,English,S2,5b8949e596c701963520476a643d8cdfbb65da67,,,,
299,5,Multivariate Computing and Robust Estimating for Outlier and Novelty in Data and Imaging Sciences,paper,English,S2,2a4da1297fdec5146a6acbc809eb200ee9df2dec,,,,
300,5,Multivariate outlier detection and robustness,paper,English,GS,d74484d7f35cc204967ec8e4b9c7dc9adc1f751f,1491016629829224544,,,
301,4,Multivariate outlier detection in incomplete survey data: the epidemic algorithm and transformed rank correlations,paper,English,Common,f22908064b3b94e9dc769b5602096fac2efc17e4,5639346939961910146,,,
302,5,Network anomaly detection research: a survey,paper,English,Common,4f2ef43b81a4dd319aa7f1d97cf27839e1cbb3ff,3884491798315775737,,,
303,5,Network anomaly detection system: The state of art of network behaviour analysis,paper,English,GS,a3e56173a1bd8a97fe861489e30ef1aff93d8602,14446809137472003814,,,
304,5,Network anomaly detection: A survey and comparative analysis of stochastic and deterministic methods,paper,English,S2,12ba136dd3c3da27e7c91fea9ec3d9fe57d1201b,,,,
305,5,"Network anomaly detection: methods, systems and tools",paper,English,GS,e467ff1ea3a0c535a0cef87f7e0daa414d524d9d,9485343982777785484,,,
306,3,Noise versus outliers,text book chaper,English,GS,26b1f7d8f1afb066f8fe9eedfca646e1684953ab,12045150847239300315,,,
307,2,Notes on Anomaly Induced Transport,paper,English,S2,e2bd8699e946cc256b15220c2ff1dd2205406b41,,,,
308,2,On Application of X-ray Fluorescence Measurements on Aeromagnetic Anomaly Survey in Meng Mala,paper,English,S2,d53ad102e79a20987400df49b4b05b9f4c7c0975,,,,
309,2,On robust randomized neural networks for regression: a comprehensive review and evaluation,paper,English,S2,8845fa3ea7c74a9c38bb4c32f53f06cfec7cc49e,,,,
310,2,"On the Anglocentricities of current reading research and practice: the perils of overreliance on an"" outlier"" orthography.",paper,English,GS,c0637a40368398bdaaa93304e97d90b2c233c93a,14061786101363796798,,,
311,4,On the formulation of the alternative hypothesis for geodetic outlier detection,paper,English,S2,e3a730c4b03bbab5a8712f543291a7889e7f8a0a,,,,
312,6,On the nature and types of anomalies: a review of deviations in data,paper,English,S2,13508fc5268937ebf7eb80e58ebfb7e01eed3caa,,,,
313,5,One-class classification: taxonomy of study and review of techniques,paper,English,S2,9eb1b16fbd4786eaac91f308d75609b9321868ce,,,,
314,5,One-class support vector machines: analysis of outlier detection for wireless sensor networks in harsh environments,paper,English,S2,962990ee9691d65cc68be4571d7e22d839896334,,,,
315,2,Opioid Use After Discharge in Postoperative Patients: A Systematic Review,paper,English,S2,2ec1a372e572d841b11abd3f398532ed534f3bac,,,,
316,2,Origins of mangrove ecosystems and the mangrove biodiversity anomaly,paper,English,GS,f10efa0eaad815f69dc6bd3b1747e732a19ffa19,4975852996964121796,,,
317,3,Outlier and Anomaly Detection: A Survey of Outlier and Anomaly Detection Methods,book,English,Common,33ac3796b735952652ae4aac692af40fe38c6204,18376227305904237566,,,
318,5,Outlier and anomaly pattern detection on data streams,paper,English,S2,806aaf796c256af8e91e27685d9bbf0e71f36f94,,,,
319,5,Outlier Data Treatment Methods Toward Smart Grid Applications,paper,English,S2,0598f0f8d5d2d9f8d0c24dee32cbd867946520e7,,,,
320,6,Outlier detection,paper,English,GS,93a5dad081884d8699a37e9a53693185cf619428,2024982053844418222,,,
321,6,Outlier Detection,paper,English,Common,67c678d04908f534f37804bfc8e30de106595577,16798677794640178118,,,
322,5,Outlier Detection Algorithms for Least Squares Time Series Regression,paper,English,S2,15f197b5a34ab28d8e0a2d6a5e90b88fefc279ee,,,,
323,5,OUTLIER DETECTION AND TREATMENT IN I/O PSYCHOLOGY: A SURVEY OF RESEARCHER BELIEFS AND AN EMPIRICAL ILLUSTRATION,paper,English,Common,a49257d53937027e4122072a6746b4256aa7325d,4152424416220272116,,,
324,4,Outlier detection and treatment in industrial sampling survey,paper,English,Common,aa4e2b76f055832ce609b9b37c14842bc6db6ac2,12627763177124134983,,,
325,5,Outlier Detection Approaches Based on Machine Learning in the Internet-of-Things,paper,English,S2,2253852c07a07d9b87155dca28c5879b4fd3840d,,,,
326,5,Outlier detection approaches for wireless sensor networks: A survey,paper,English,Common,9436440748a52254deb7d7391bfd564bbf139286,16402888464779775495,,,
327,5,Outlier Detection for Business Intelligence using Data Mining Techniques,paper,English,S2,fd03202b9dbaab37d46e0a08d1a342847502e0e7,,,,
328,6,Outlier Detection for Different Applications: Review,paper,English,S2,92b1482bad6fdb84c7155108976e258ebf5e1456,,,,
329,5,Outlier Detection for Temporal Data: A Survey,paper,English,Common,43d75d3a22db904d052d4c435e2d1f22be3887e0,11257514432422964350,,,
330,4,Outlier detection in audit logs for application systems,paper,English,GS,18310bd090ef640aa3bacb25d1b808fe25d8f87f,14369653415520742476,,,
331,4,Outlier Detection in RFID Datasets in Supply Chain Process: A Review,paper,English,S2,f8fa949296d35e428488755839b9755c0d03a509,,,,
332,5,Outlier detection in streaming data a research perspective,paper,English,GS,c588d549d834691e41d1bc7434dfdd807f8b347b,13508976315940828993,,,
333,5,Outlier Detection in Wireless Sensor Networks using Machine Learning Techniques: A Survey,paper,English,Common,d6ce6aaf362ee1110c8518f573e183d1fe990dd6,2497834254457796394,,,
334,5,Outlier Detection in WSN- A Survey,paper,English,S2,6e7e9698b7a4a1182bf22dfdac2bf744227d9abb,,,,
335,4,Outlier detection methods for generalized lattices: a case study on the transition from ANOVA to REML,paper,English,S2,3c5c9f82d2727ab8041ef0e6597e7b4049c2002e,,,,
336,5,Outlier detection strategies for WSNs: A survey,paper,English,Common,fb048a713a1ae53d5c184e6c81131db4dc5753f6,5107387879597969052,,,
337,1,Outlier detection technique in data mining: a research perspective,student,English,GS,2b33e045cb33af865b2e2c7e6cefe64c5e26606d,3546399092788189450,,,
338,5,Outlier Detection Techniques and Cleaning of Data for Wireless Sensor Networks: A Survey,paper,English,S2,918bcad1b9175a2a3d93bae588fdb04ee012c538,,,,
339,5,Outlier Detection Techniques for Localization in Wireless Sensor Networks: A Survey,paper,English,Common,ef86056b7dbd1736b7f1edf786d6586a8b58cb21,10938541392383684395,,,
340,5,Outlier Detection Techniques for Wireless Sensor Networks: A Survey,paper,English,Common,e44e0ccd11fb5bc6c747f09b401cbbd597386d28,13595133371984624369,,,
341,5,Outlier detection techniques over streaming data in data mining: A research perspective,paper,English,GS,d0e53d4b0bdf5de1c4bc5c49df33aec42e3fe726,9201769160500715699,,,
342,5,Outlier detection: A survey on techniques of WSNs involving event and error based outliers,paper,English,Common,84fab7731f06be4850478988430704e5ae841301,3494636231778055534,,,
343,6,Outlier Detection: Applications And Techniques,paper,English,Common,4f5844c9e7db68af7c2c5b918082636c3307cef9,6080093284369576110,,,
344,6,Outlier Detection: Applications and techniques in Data Mining,paper,English,Common,057ce2cef2b8444371efd200b8dd6f0bafcfc57d,3206211151357832654,,,
345,4,Outlier exclusion procedures must be blind to the researcher's hypothesis.,paper,English,S2,45040041494c6fd32c23990394928c97aad803a7,,,,
346,4,"Outlier removal, sum scores, and the inflation of the Type I error rate in independent samples t tests: the power of alternatives and recommendations.",paper,English,GS,be66481142f3bd05c695d8910d1768149d6ca2d6,5699445891135620926,,,
347,2,Outlier Review during Concurrent Seasonal Adjustment of CES State and Area Series,paper,English,S2,72a65800d8c0d273bb13fcfff561fdc358b8abee,,,,
348,4,Outlier robust finite population estimation,paper,English,GS,dcc8d8d2c288b9baa58cc9b92482d2d95f207564,12164400373503576250,,,
349,4,Outlier Robust Imputation of Survey Data,paper,English,Common,f30a9f264bcf1b54d63128d701eac6e8938a2f22,13833274599968303226,,,
350,4,Outlier Robust Imputation of Survey Data via ReverseCalibration,paper,English,S2,cc338f9f6349341e75368cdf22170356e5f3da92,,,,
351,4,Outlier robust kernel-based system identification using ℓ1-Laplace techniques,paper,English,S2,161a75128e466b87de5934598d5af3794521e3a3,,,,
352,4,Outlier separability analysis with a multiple alternative hypotheses test,paper,English,GS,5a8aef0f28a81316e27377e3788744a3be23a1e2,6200467123338562941,,,
353,4,Outlier-based Health Insurance Fraud Detection for U.S. Medicaid Data,paper,English,S2,79f16a4af87eb4c8ab0599a25db8ff7cecfa4323,,,,
354,4,"Outlier-Robust Estimation: Hardness, Minimally Tuned Algorithms, and Applications",paper,English,S2,5b8355a0bc89f0ca45501baf617da51523ff590f,,,,
355,6,Outliers detection and treatment: a review.,paper,English,GS,b87177a90e0b4216376ee0f7f6afc1e9177abf3f,11248724536178235365,,,
356,6,Outliers in questionnaire data: can they be detected and should they be removed?,paper,English,GS,,7002150606297754244,,,
357,4,Outliers: An evaluation of methodologies,paper,English,GS,dea2a8a665de3605d075c22a0a897ec7d20a14a0,9648239085172976588,,,
358,2,Particle physics models for the 17 MeV anomaly in beryllium nuclear decays,paper,English,S2,40590cb038f6676cbca39fb560aa1ef87ddfe409,,,,
359,2,Paying for Prescription Drugs Around the World: Why Is the U.S. an Outlier?,paper,English,S2,bc436bed9f8d2edf25d9bd0114a396f14d8280cc,,,,
360,2,Pelger-Huët Anomaly: A Critical Review of the Literature,paper,English,S2,a7748d4305853dbfc26df2abd78e3c1f83c7a4dd,,,,
361,5,Performance anomaly detection and bottleneck identification,paper,English,GS,96528f36f5f89fa5a6b4ff03ec6928b8519db156,5140880437800201989,,,
362,4,Performance evaluation of circulating fluidized bed incineration of municipal solid waste by multivariate outlier detection in China,paper,English,S2,fcc5d0b4c4fa98bfc7ad4c91e5e81396d877b5c5,,,,
363,5,Performance evaluation of outlier detection techniques in production timeseries: A systematic review and meta-analysis,paper,English,GS,3a493032b8dc0f6fbd31e016f7e0239a5008265f,17705877539234241434,,,
364,2,Peters Anomaly: Review of the Literature,paper,English,Common,a6ab9cbd762bcad35f3b936f785d34ef618ee49c,1672378246524000196,,,
365,2,Pharmacological augmentation strategies for schizophrenia patients with insufficient response to clozapine: a quantitative literature review.,paper,English,S2,3061884d7225bf0e612dca39f4db75752f79e205,,,,
366,2,Photo-z outlier self-calibration in weak lensing surveys,paper,English,Common,7b002f7b37b9bfffbd15d6e04ec73ef45819df7f,807937922986635558,,,
367,2,Pre-seismic anomalies from optical satellite observations: a review,paper,English,S2,58e6dbf3ca9a4b3e87e2ce8ea0e05ae0a341d990,,,,
368,2,Presentation and treatment of Poland anomaly,paper,English,GS,dc248e2379da55942516e8e79473e84edfbc6ada,4324578530971782523,,,
369,2,Prevalence of the aberrant right subclavian artery reported in a published systematic review of cadaveric studies: The impact of an outlier,paper,English,Common,07d98ca90209b04d44f26fa9c45754292369cd26,433900776766245814,,,
370,2,Prognostic outlier genes for enhanced prostate cancer treatment.,paper,English,S2,c50ef0e19892921ccf4fe87194948547aa94e11c,,,,
371,6,Progress in Outlier Detection Techniques: A Survey,paper,English,Common,275aaca7621b2ee4ff81cd37162f6c9a90f306e4,14583232481855142226,,,
372,2,Protestant relational ideology: The cognitive underpinnings and organizational implications of an American anomaly,paper,English,GS,b36193d2425e40d750db734426886ab06172bdad,16153718488344416658,,,
373,2,Protophobic Fifth-Force Interpretation of the Observed Anomaly in ^{8}Be Nuclear Transitions.,paper,English,S2,23983d592991bb937518ae67f9243d02fcd5664d,,,,
374,2,Rat probasin: structure and function of an outlier lipocalin,paper,English,GS,f0e01ce5ef5ba2b80dcc9cd2d965c9a80409123f,568840272748840437,,,
375,5,Real-time big data processing for anomaly detection: A Survey,paper,English,Common,3cfe075af77bf0364e6ddecb3d223960d06e8927,14608493806179180750,,,
376,5,Recent Advances in Anomaly Detection Methods Applied to Aviation,paper,English,Common,3429ede7bfcdfb31a3542b80c46025f0030932db,4627905598887048073,,,
377,2,Recent developments in the understanding of equatorial ionization anomaly: A review,paper,English,Common,c2286c26f5d0185f549180ac457eee1cd13edf38,2674076626844321362,,,
378,5,Recent progress of anomaly detection,paper,English,GS,da32b5d34ce3710efcbf7f1008db2050c000ec56,2618344618818080769,,,
379,2,RelB: an outlier in leukocyte biology,paper,English,Common,f1589af53bdab62f4bd64cb72a3356496e544171,15400755427609683773,,,
380,3,Research Issues in Outlier Detection,chapter,English,Common,da8aadd6e5d786dc277244eb51a8195b9097df15,15427743459948421026,,,
381,5,Research issues in outlier detection for data streams,paper,English,GS,7aab758d04d335f5b711f09337932865c145fd28,6670806200157077165,,,
382,1,Research progress on outlier mining,paper,chinese,GS,,17085375105317977607,,,
383,5,Review and big data perspectives on robust data mining approaches for industrial process modeling with outliers and missing data,paper,English,GS,f62fb5cfc3b8544057ea26df1ba4db8f56a3d86f,8886655620656095464,,,
384,4,Review and comparative evaluation of symbolic dynamic filtering for detection of anomaly patterns,paper,English,Common,a3f18d75623d994e19a4c52ee7c0b448a67daf0e,15816932984486477352,,,
385,2,Review of 54 patients with complete DiGeorge anomaly enrolled in protocols for thymus transplantation: outcome of 44 consecutive transplants.,paper,English,S2,1db07a0bdb312f6ea4f9e583a43db6de45705da7,,,,
386,1,Review of Outlier Detection,paper,chinese,S2,4ed2950a6738b7fa4f3dfb47c49f41f1a1b6a02c,,,,
387,5,Review of Outlier Detection and Identifying Using Robust Regression Model,paper,English,Common,56e6e25ca7b14f59a9bbd00fb9b2a5cdce3d429c,7328574354670234764,,,
388,2,"Review of the Proterozoic evolution of the Grenville Province, its Adirondack outlier, and the Mesoproterozoic inliers of the Appalachians",paper,English,Common,fcbadde50a96deebe80044c09e48659d6aa127bc,7932017282876832499,,,
389,5,Review on anomaly based network intrusion detection system,paper,English,Common,13df0f1045c6b010d81a754103b9cad78c2beb47,8079854398476590345,,,
390,5,Review on Outliers Identification Methods for Univariate Circular Biological Data,paper,English,S2,e9eb858278e7d6c23e45c781a9b053172b570e46,,,,
391,2,Revocation of Citizenship and Rule of Law: How Judicial Review Defeated Britain's First Denaturalization Regime,paper,English,S2,a18e394b0b4b88299802305b4f2f64857c33236e,,,,
392,2,Right nonrecurrent inferior laryngeal nerve and arteria lusoria: the diagnostic and therapeutic implications of an anatomic anomaly: Review of 17 cases,paper,English,S2,70e768d954ac244c0e9ac9cf63293b111a62a742,,,,
393,4,RKDOS: A Relative Kernel Density-based Outlier Score,paper,English,S2,49b3c8835df953d21cb3090de53a4bbec8a7b448,,,,
394,2,Road Surface Monitoring Using Smartphone Sensors: A Review,paper,English,S2,34fa0e539d2c58cf68a108ed6d8d8a9c09b3ccfe,,,,
395,2,Robust formation of Skyrmions and topological Hall effect anomaly in epitaxial thin films of MnSi.,paper,English,S2,87ef6c11df2860226aafd73ff2b885e2673fcc48,,,,
396,5,Robust statistics for outlier detection,paper,English,GS,c551c6e002ac4a6633476ffd8d97d90336d6c668,15402288731946191413,,,
397,5,Robustness and outlier detection in chemometrics,paper,English,GS,85253aab65febdc9b3ac1fdc102f5ffbaf11757d,8588775705664496823,,,
398,4,Screening for medication errors using an outlier detection system,paper,English,Common,66872384b9aa9cb7cf5ae06d99d444fff4dcbb0a,18210374680558115586,,,
399,2,Searching for Buried Fault under Chengdu Plain Using Gravity Anomaly Survey,paper,English,S2,8e2ff7e13bc1a3a7151ad5f5afff461aca95ee5a,,,,
400,5,Semi-supervised anomaly detection algorithms: A comparative summary and future research directions,paper,English,GS,3508fb202b7bbe7b0ba765adfd9e50b5e3e661c0,8145970889799175512,,,
401,2,Severe Insect Pest Impacts on New Zealand Pasture: The Plight of an Ecological Outlier,paper,English,Common,a6f34b32743e902bd930a2bd84336b82a93f85a8,4972416284089592983,,,
402,2,Sex preference in south Asia: Sri Lanka an outlier,paper,English,GS,0529ba97d099979d35fa5ff44fe8872fdad2aa4c,17044465789555220830,,,
403,2,Signatures of the Chiral Anomaly in Phonon Dynamics.,paper,English,S2,dea44eec83e7870efde6b3bc2823c2e0df9feeca,,,,
404,2,Sinus pericranii: an overview and literature review of a rare cranial venous anomaly (A review of the existing literature with case examples),paper,English,S2,f93997cef7ec23b813703dd53f1f6fd0e4ef213c,,,,
405,5,Smart Anomaly Detection in Sensor Systems: A Multi-Perspective Review.,paper,English,Common,4bb42d0c581b0d7baa31147f145424d9840204b2,6707710296836084497,,,
406,4,Software-Defined-Networking-Enabled Traffic Anomaly Detection and Mitigation,paper,English,S2,42ac538b8fd32e6c850936b09c9949c3e6e5c144,,,,
407,4,SOM ensemble for unsupervised outlier analysis. Application to outlier identification in the Gaia astronomical survey,paper,English,Common,707997684d716469831e2327212fc37265026126,7067014763611611547,,,
408,5,Spatial Outlier Detection Approaches and Methods: A Survey,paper,English,S2,8f3cdaa82bf804746347229ef59813e4b904ec28,,,,
409,2,Spatiotemporal data mining: a survey on challenges and open problems,paper,English,S2,d5c27ee7ef055b02e015d71f3d5e712937ab51cc,,,,
410,4,Statistical data preparation: management of missing values and outliers,paper,English,GS,c34f1b306d225bcf57bef83525da6e568f6381c1,16298398834923075576,,,
411,4,Statistical Methods for Outlier Detection in Space Telemetries,paper,English,S2,ea8d5db86053bfe4afe6bd04385b10a6a0b824ef,,,,
412,4,STATISTICAL OUTLIER DETECTION METHOD FOR AIRBORNE LIDAR DATA,paper,English,S2,e040dfb8cd66dc6812351a08ad23a3dc5076be57,,,,
413,2,Sterile neutrinos or flux uncertainties? — Status of the reactor anti-neutrino anomaly,paper,English,S2,7284c866bfa05bbc984a639de2ecbc01ba16f6b7,,,,
414,2,Support for the thermal origin of the pioneer anomaly.,paper,English,S2,c1bbfef879eb399dbef0874f2955df5f2dd1395e,,,,
415,2,"Survey of intrusion detection systems: techniques, datasets and challenges",paper,English,S2,38e81867da601ae6877dd9ce2c1e1aa085852ecb,,,,
416,1,Survey of outlier detection technologies,paper,chinese,S2,eded966a1be3ec40b29b72d2f82ac98e5b751de1,,,,
417,1,Survey of Outlier Mining,non existent,English,S2,d79a976ac8305a10d4dd37d7dafb8637ab115258,,,,
418,1,Survey of Partition Based Clustering Algorithm Used for Outlier Detection,non existent,English,S2,4166b0e47d22c525164ac2cb00631d3730ca0d7c,,,,
419,6,Survey on Anomaly Detection using Data Mining Techniques,paper,English,Common,4ecc1703dfa8cf20767321746a10524ab733493b,6366157081846866142,,,
420,5,Survey on HMM based anomaly intrusion detection using system calls,paper,English,S2,2541096ac304a97c48d11936b81ca204f54b563d,,,,
421,5,Survey on Incremental Approaches for Network Anomaly Detection,paper,English,Common,3fdfd243f2c1c8ea974ed661dc06b35849b9ead9,12638170054893408557,,,
422,6,Survey on Outlier Detection in Data Mining,paper,English,Common,ad3d162d82f4b5da6571db25602749e392780fae,14881653643246325878,,,
423,5,Survey on Outlier Detection in Data Stream,paper,English,Common,4cf9ce74e4076a14cc8b636df2130b01f7b7c6ff,15377270826564366537,,,
424,6,SURVEY ON OUTLIER DETECTION TECHNIQUES USING CATEGORICAL DATA,paper,English,S2,03474e02d54a4c2ef83deedc96a4d289dec0cceb,,,,
425,5,Survey on Outlier Pattern Detection Techniques for Time-Series Data,paper,English,S2,d3aa4e7332765b798521ec2580529353927a9a1f,,,,
426,4,SVR-based outlier detection and its application to hotel ranking,paper,English,GS,62bcb15166ce0215ce2223fca168efda7abd333b,10629552088407646111,,,
427,5,Swarm intelligence in anomaly detection systems: an overview,paper,English,Common,7374ad5ac41318b5ea8cf67728480f7522d3c021,7798559066288871622,,,
428,2,Systematic review of the effect of processing of whole-grain oat cereals on glycaemic response,paper,English,S2,f9e7dc953c390fccf3b50e3ea21002627828884a,,,,
429,2,Systematic Review of the Literature: Parental Outcomes After Diagnosis of Fetal Anomaly,paper,English,Common,24d4863a3c3badc3c4adccba47c282ed21a9fce0,327638618850845914,,,
430,5,Taxonomy of Anomaly Based Intrusion Detection System: A Review,paper,English,Common,4bf0fdf066bc9dff6a96b92738843e266ee57873,16053471397885344042,,,
431,5,Fraud Detection Using Outlier Analysis : A Survey,paper,English,S2,828cba1d81667db435a56fc603b0c28e2fd9981b,,,,
432,5,Tensor-based anomaly detection: An interdisciplinary survey,paper,English,Common,1a0a0c3193770c3b4a43783efbdaeb263f513dea,13200090915498569719,,,
433,2,The anomaly called psi: Recent research and criticism,paper,English,GS,dca80004d71d7ede2079d85cd40e0017797ef3d3,8888640834223653653,,,
434,2,The association of intensivists with failure-to-rescue rates in outlier hospitals: results of a national survey of intensive care unit organizational characteristics.,paper,English,Common,ee45b1506090f37f96d07a717e134606603a476e,17360762318804740477,,,
435,4,The BACON-EEM Algorithm for Multivariate Outlier Detection in Incomplete Survey Data.,paper,English,Common,d059b34072b9276de08686b4e605e721d9e99bfa,16185895658178345047,,,
436,2,The chiral magnetic effect and anomaly-induced transport,paper,English,GS,a228fc5b6410a63d9670fa203971071a66dd21f1,11844293465573356117,,,
437,2,The committee outlier debate: A review and a reexamination of some of the evidence,paper,English,Common,c5029fda4043a94f468e6551f72693a1bac08395,7155683628298361770,,,
438,2,The compelling anomaly of chemical intolerance,paper,English,GS,78d264a8c319e21a86043d9b98630aad8e5c6f9f,7141710121042918936,,,
439,6,The Detail Survey of Anomaly/Outlier Detection Methods in Data Mining,paper,English,S2,f96b7fa691b7d3b992de8b9f5e1c8ef7301db5ed,,,,
440,2,The DiGeorge anomaly,paper,English,GS,9b29e12dc86958d84ee6e80ca60f37ff8035d219,18190103087619304691,,,
441,2,The DiGeorge anomaly as a developmental field defect,paper,English,GS,edb0f12bc52f6bcaefcef6fce4da7b331c40eed3,8439216019789309577,,,
442,2,The DiGeorge anomaly.,paper,English,GS,,2248195366613783131,,,
443,2,The ecology of the zebra finch makes it a great laboratory model but an outlier amongst passerine birds,paper,English,GS,36d5b857a0d1e266d82628c234a6baaa5fc79e75,13247257851542544412,,,
444,2,The Effect of a Global Positioning System (GPS) Receiver Measurement Error on Gravity Anomaly Survey Accuracy.,paper,English,S2,9afed127b343048cc1b8201bb9f1b289c63b8da7,,,,
445,2,The effect of telehealth interventions on quality of life of cancer survivors: A systematic review and meta-analysis,paper,English,S2,a5512097159e39fba32361c6158a240dfbeaa503,,,,
446,2,"The Effects of Structured Exercise or Lifestyle Behavior Interventions on Long-Term Physical Activity Level and Health Outcomes in Individuals With Type 2 Diabetes: A Systematic Review, Meta-Analysis, and Meta-Regression.",paper,English,S2,1989da271e2d143af620a5106490fea0fd287848,,,,
447,2,The Forward Discount Anomaly and the Risk Premium: A Survey of Recent Evidence,paper,English,Common,1b4699fe367fd1e047148c19af86748becbcd090,1963960069209086887,,,
448,2,The High Time Resolution Universe survey – XIV. Discovery of 23 pulsars through GPU-accelerated reprocessing,paper,English,S2,81c2876860c1d0beb77859fe1cfd63ee6b20172f,,,,
449,2,The Idiosyncratic Momentum Anomaly,paper,English,S2,82776b7b6ec2a6b3c5fde91d4f362405ef178746,,,,
450,2,The k-means Algorithm: A Comprehensive Survey and Performance Evaluation,paper,English,S2,33b6ae946068ffc3dd0ae303a2f15b37043fafd2,,,,
451,4,The LHC Olympics 2020 a community challenge for anomaly detection in high energy physics,paper,English,S2,1022f834bfed10c20b9bd2f43d44ad8a87b1291b,,,,
452,2,The LOFAR Two-metre Sky Survey,paper,English,S2,005127522ad27794299ff218b210255baf5bccaa,,,,
453,2,The outlier in all of us: why implementing pharmacogenomics could matter for everyone,paper,English,GS,12177b8605a4e79867ec3f21c2395023310ef2b4,13418827579176709328,,,
454,2,"The Outlier Survey: A Regional View of Settlement in the San Juan Basin. Robert P. Powers , William B. Gillespie , Stephen H. Lekson",paper,English,S2,be50dc1304ea07936fb1d056a89d718b7b140059,,,,
455,2,The Outlier Survey: A Regional View of the Settlement in the San Juan Basin,paper,English,Common,05b5e705b51755a669232bf3ae95dc6efdcfd09e,10177687332748729691,,,
456,2,The palatally displaced canine as a dental anomaly of genetic origin,paper,English,GS,0a5a4dede21c0a2b7d5d74ee58f195ecbe3846cb,2750646612855375233,,,
457,2,The pioneer anomaly,paper,English,GS,901831a942dc4dab969b3a382d49384be595977c,16591370746482138146,,,
458,2,The Presentation Format of Review Score Information Influences Consumer Preferences through the Attribution of Outlier Reviews,paper,English,Common,b2afa6da42b6e64cc9fca9bd5d37860ed8808dba,16647875156180423810,,,
459,2,The prion hypothesis: from biological anomaly to basic regulatory mechanism,paper,English,GS,5a1e3ec3f541441a0f351ad6748a5a26dc750dc0,1363107996291373554,,,
460,2,"The Recent Atlantic Cold Anomaly: Causes, Consequences, and Related Phenomena.",paper,English,Common,3d20dafd0c9e8089108a4670b8d83aa42b367536,3622110439483798621,,,
461,4,The review of outlier mining based on granular computing,paper,English,S2,83dc9fe30d78621be29ba9fd4bcf6b887eeae957,,,,
462,2,The STRong lensing Insights into the Dark Energy Survey (STRIDES) 2016 follow-up campaign – I. Overview and classification of candidates selected by two techniques,paper,English,S2,64a7ef6e91e274f6024cbfafc41c95cb9204f075,,,,
463,2,The theory of the Bouguer gravity anomaly: A tutorial,paper,English,GS,7ae3a3cb5479b489dd4bf1745c577ebb5f8f7b77,9811933428286653240,,,
464,4,The weirdest SDSS galaxies: results from an outlier detection algorithm,paper,English,S2,e6636d830e6556116e74c20c782425d25133e92e,,,,
465,2,Theories on formation of an anomalous anticyclone in western North Pacific during El Niño: A review,paper,English,S2,9fbd0c15549b28cb59a0f07d6810b8403441ab7f,,,,
466,6,There and back again: Outlier detection between statistical reasoning and data mining algorithms,paper,English,Common,29908e7b3145d9626201a08c4b91f65cc2d1e37d,1960525085071158090,,,
467,2,Thoracic involvement in generalised lymphatic anomaly (or lymphangiomatosis),paper,English,S2,56a48230aaf23cd89fcaa7f4cfcfc3cf6eb01670,,,,
468,2,Time Series Data Augmentation for Deep Learning: A Survey,paper,English,S2,6d2d78d2015e6057b99691ae097a7362ec4e3bb6,,,,
469,2,To clean or not to clean phenotypic datasets for outlier plants in genetic analyses?,paper,English,GS,e7e0662c0a4004a06710f2632ed56ced12ea34e0,4538850856727112388,,,
470,4,TRACKING OF DOUBTFUL REAL ESTATE TRANSACTIONS BY OUTLIER DETECTION METHODS: A COMPARATIVE STUDY,paper,English,S2,c7bc8b8098a8e4d1187dd28fbd4ee975db51bb50,,,,
471,4,Traffic anomaly diagnosis in Internet backbone networks: A survey,paper,English,S2,ec8ba92956eaac2cb27adb8641e506c2f3a7a59a,,,,
472,4,Trajectory Outlier Detection for Traffic Events: A Survey,paper,English,Common,9f7cb155ed4da92b54091b70ac36762f88d07504,18271200370875066492,,,
473,4,Trajectory-Based Surveillance Analysis: A Survey,paper,English,S2,7a609736cb7d92a668dbafde515b7ef9be19bf08,,,,
474,2,Transient wave-based methods for anomaly detection in fluid pipes: A review,paper,English,GS,7f759b4f5da17a61ebb9b26e6f96ba296200c0ad,14018055672754307439,,,
475,3,Tutorial review—Outliers in experimental data and their treatment,tutorial,English,GS,1ea9a20d354679c67defe222a08698eade1ee3ad,5600755071129068899,,,
476,2,Twenty years of the Weyl anomaly,paper,English,GS,74ffbc56e7b32d3f4f08cfe58b22b745e2153040,11797299873165580558,,,
477,2,U.S. National Magnetic Anomaly Survey Specifications Workshop Report,paper,English,S2,695cbf6344ed2ecff9e6da841516c415317dbda5,,,,
478,2,Understanding and recognizing the Pelger-Huët anomaly.,paper,English,S2,b3a3d21567440c1a3adfbe0b4fc67c10b58e4749,,,,
479,3,Univariate outliers: a conceptual overview for the nurse researcher,tutorial,English,GS,430e7ef14ff97b087b2c03e6f74f78105f8fe153,6836683208388587842,,,
480,5,Unsupervised Distance-Based Outlier Detection Using Nearest Neighbours Algorithm on Distributed Approach: Survey,paper,English,S2,d414d89a1d13c4ae7a73ad274e3ea320289d6369,,,,
481,4,"Urban Anomaly Analytics: Description, Detection, and Prediction",paper,English,Common,ee9f40f1c1e77b0b39b6e4a158208614fb4995c0,4396658083365474052,,,
482,4,Using low resolution satellite imagery for yield prediction and yield anomaly detection,paper,English,GS,1981b6023342e8cc0316e31a5188dea4732b9f1e,9723709699534060589,,,
483,4,Using Outlier Analysis to Detect Partisan Gerrymanders: A Survey of Current Approaches and Future Directions,paper,English,Common,3b6e9c4deb3d5458dac9da295f6d4274f0c3d0a1,14078236133989311421,,,
484,4,Using Person Fit Statistics to Detect Outliers in Survey Research,paper,English,S2,4e52415121a39ebd71925fc8567c5e7f64588f42,,,,
485,4,Using the variogram for vector outlier screening: application to feature-based image registration,paper,English,GS,999a2d29481b4c815efb7b961dc51c2726d14b5d,2126870991479892621,,,
486,2,Utilization of Predictive Modeling to Determine Episode of Care Costs and to Accurately Identify Catastrophic Cost Non-warranty Outlier Patients in Adult Spinal Deformity Surgery: A Step Toward Bundled Payments and Risk Sharing.,paper,English,S2,44f0c8dc53aed4023782f56919220b918d2d9b99,,,,
487,2,Vascular anomaly cases for the pediatric hematologist oncologists—an interdisciplinary review,paper,English,GS,e9b2ab0922abc110195a22859b2f1bf039f52f15,9564534237720699144,,,
488,5,Visual Anomaly Detection for Images: A Survey,paper,English,Common,cf122c84af8c85e15c3dffaca4069dd455b56a1e,6613572350555511522,,,
489,4,Weight Reduction Method for Outlier in Survey Sampling,paper,English,S2,1d6b8245769c54d8aa08bf8a610da79b8cc43b33,,,,
490,2,What is the “safe zone” for transition of coronal alignment from systematic to a more personalised one in total knee arthroplasty? A systematic review,paper,English,S2,0ad9950e5921fa2e2b7137b7daf4e72abf3c1a4b,,,,
491,2,XENON1T Excess from Anomaly-Free Axionlike Dark Matter and Its Implications for Stellar Cooling Anomaly.,paper,English,S2,0c774aa80a98220ef43df24db0e0bdde7ebb1cbc,,,,
492,6,Методы выявления аномалий: обзор (Methods for Anomaly Detection: a Survey),paper,English,Common,26da040de770b8956b4ab7f4b2ccf40465dde033,15254688892039695472,,,
